{"cameraMode":{"drawMode":0,"name":"Shaded","section":"Shading Mode"},"sceneLighting":true,"audioPlay":false,"sceneViewState":{"m_AlwaysRefresh":false,"showFog":true,"showSkybox":true,"showFlares":true,"showImageEffects":true,"showParticleSystems":true,"showVisualEffectGraphs":true,"m_FxEnabled":true},"in2DMode":false,"pivot":{"x":0.4648027718067169,"y":2.2591187953948976,"z":1.9716140031814576},"rotation":{"x":-0.012279986403882504,"y":0.06804300844669342,"z":-0.0008626625640317798,"w":-0.9976473450660706},"size":0.7078638076782227,"orthographic":false}